[{"model": "admin.logentry", "pk": 1, "fields": {"action_time": "2021-06-27T20:06:26.068Z", "user": 1, "content_type": 4, "object_id": "2", "object_repr": "a", "action_flag": 1, "change_message": "[{\"added\": {}}]"}}, {"model": "admin.logentry", "pk": 2, "fields": {"action_time": "2021-06-27T20:06:38.560Z", "user": 1, "content_type": 4, "object_id": "2", "object_repr": "a", "action_flag": 2, "change_message": "[{\"changed\": {\"fields\": [\"First name\", \"Last name\", \"Email address\"]}}]"}}, {"model": "admin.logentry", "pk": 3, "fields": {"action_time": "2021-06-27T20:06:52.158Z", "user": 1, "content_type": 10, "object_id": "1", "object_repr": "1", "action_flag": 1, "change_message": "[{\"added\": {}}, {\"added\": {\"name\": \"team technician\", \"object\": \"1adminTrueTrue\"}}, {\"added\": {\"name\": \"team technician\", \"object\": \"1aTrueFalse\"}}]"}}, {"model": "admin.logentry", "pk": 4, "fields": {"action_time": "2021-06-27T20:07:01.391Z", "user": 1, "content_type": 10, "object_id": "2", "object_repr": "2", "action_flag": 1, "change_message": "[{\"added\": {}}, {\"added\": {\"name\": \"team technician\", \"object\": \"2adminTrueFalse\"}}, {\"added\": {\"name\": \"team technician\", \"object\": \"2aTrueTrue\"}}]"}}, {"model": "admin.logentry", "pk": 5, "fields": {"action_time": "2021-06-27T20:07:21.300Z", "user": 1, "content_type": 8, "object_id": "1", "object_repr": "11", "action_flag": 1, "change_message": "[{\"added\": {}}]"}}, {"model": "admin.logentry", "pk": 6, "fields": {"action_time": "2021-06-27T20:07:52.792Z", "user": 1, "content_type": 11, "object_id": "1", "object_repr": "a", "action_flag": 1, "change_message": "[{\"added\": {}}]"}}, {"model": "admin.logentry", "pk": 7, "fields": {"action_time": "2021-06-27T20:07:55.953Z", "user": 1, "content_type": 7, "object_id": "1", "object_repr": "a", "action_flag": 1, "change_message": "[{\"added\": {}}]"}}, {"model": "admin.logentry", "pk": 8, "fields": {"action_time": "2021-06-27T20:25:30.784Z", "user": 1, "content_type": 12, "object_id": "1", "object_repr": "1-a", "action_flag": 1, "change_message": "[{\"added\": {}}, {\"added\": {\"name\": \"evaluation\", \"object\": \"12021-06-27 20:11:50+00:00\"}}, {\"added\": {\"name\": \"symptom\", \"object\": \"1- Symptoms\"}}, {\"added\": {\"name\": \"procedure rcp\", \"object\": \"1- RCP procedures\"}}, {\"added\": {\"name\": \"procedure ventilation\", \"object\": \"1- Ventilation procedures\"}}, {\"added\": {\"name\": \"procedure circulation\", \"object\": \"1- Circulation procedures\"}}, {\"added\": {\"name\": \"procedure protocol\", \"object\": \"1- Protocol procedures\"}}, {\"added\": {\"name\": \"procedure scale\", \"object\": \"1 - Scale procedures\"}}, {\"added\": {\"name\": \"pharmacy\", \"object\": \"a1\"}}]"}}, {"model": "admin.logentry", "pk": 9, "fields": {"action_time": "2021-06-27T23:23:35.905Z", "user": 1, "content_type": 9, "object_id": "1", "object_repr": "a", "action_flag": 1, "change_message": "[{\"added\": {}}]"}}, {"model": "admin.logentry", "pk": 10, "fields": {"action_time": "2021-06-27T23:23:53.740Z", "user": 1, "content_type": 8, "object_id": "1", "object_repr": "11", "action_flag": 2, "change_message": "[{\"added\": {\"name\": \"occurrence state\", \"object\": \"1a\"}}]"}}, {"model": "auth.permission", "pk": 1, "fields": {"name": "Can add log entry", "content_type": 1, "codename": "add_logentry"}}, {"model": "auth.permission", "pk": 2, "fields": {"name": "Can change log entry", "content_type": 1, "codename": "change_logentry"}}, {"model": "auth.permission", "pk": 3, "fields": {"name": "Can delete log entry", "content_type": 1, "codename": "delete_logentry"}}, {"model": "auth.permission", "pk": 4, "fields": {"name": "Can view log entry", "content_type": 1, "codename": "view_logentry"}}, {"model": "auth.permission", "pk": 5, "fields": {"name": "Can add permission", "content_type": 2, "codename": "add_permission"}}, {"model": "auth.permission", "pk": 6, "fields": {"name": "Can change permission", "content_type": 2, "codename": "change_permission"}}, {"model": "auth.permission", "pk": 7, "fields": {"name": "Can delete permission", "content_type": 2, "codename": "delete_permission"}}, {"model": "auth.permission", "pk": 8, "fields": {"name": "Can view permission", "content_type": 2, "codename": "view_permission"}}, {"model": "auth.permission", "pk": 9, "fields": {"name": "Can add group", "content_type": 3, "codename": "add_group"}}, {"model": "auth.permission", "pk": 10, "fields": {"name": "Can change group", "content_type": 3, "codename": "change_group"}}, {"model": "auth.permission", "pk": 11, "fields": {"name": "Can delete group", "content_type": 3, "codename": "delete_group"}}, {"model": "auth.permission", "pk": 12, "fields": {"name": "Can view group", "content_type": 3, "codename": "view_group"}}, {"model": "auth.permission", "pk": 13, "fields": {"name": "Can add user", "content_type": 4, "codename": "add_user"}}, {"model": "auth.permission", "pk": 14, "fields": {"name": "Can change user", "content_type": 4, "codename": "change_user"}}, {"model": "auth.permission", "pk": 15, "fields": {"name": "Can delete user", "content_type": 4, "codename": "delete_user"}}, {"model": "auth.permission", "pk": 16, "fields": {"name": "Can view user", "content_type": 4, "codename": "view_user"}}, {"model": "auth.permission", "pk": 17, "fields": {"name": "Can add content type", "content_type": 5, "codename": "add_contenttype"}}, {"model": "auth.permission", "pk": 18, "fields": {"name": "Can change content type", "content_type": 5, "codename": "change_contenttype"}}, {"model": "auth.permission", "pk": 19, "fields": {"name": "Can delete content type", "content_type": 5, "codename": "delete_contenttype"}}, {"model": "auth.permission", "pk": 20, "fields": {"name": "Can view content type", "content_type": 5, "codename": "view_contenttype"}}, {"model": "auth.permission", "pk": 21, "fields": {"name": "Can add session", "content_type": 6, "codename": "add_session"}}, {"model": "auth.permission", "pk": 22, "fields": {"name": "Can change session", "content_type": 6, "codename": "change_session"}}, {"model": "auth.permission", "pk": 23, "fields": {"name": "Can delete session", "content_type": 6, "codename": "delete_session"}}, {"model": "auth.permission", "pk": 24, "fields": {"name": "Can view session", "content_type": 6, "codename": "view_session"}}, {"model": "auth.permission", "pk": 25, "fields": {"name": "Can add non transport reason", "content_type": 7, "codename": "add_nontransportreason"}}, {"model": "auth.permission", "pk": 26, "fields": {"name": "Can change non transport reason", "content_type": 7, "codename": "change_nontransportreason"}}, {"model": "auth.permission", "pk": 27, "fields": {"name": "Can delete non transport reason", "content_type": 7, "codename": "delete_nontransportreason"}}, {"model": "auth.permission", "pk": 28, "fields": {"name": "Can view non transport reason", "content_type": 7, "codename": "view_nontransportreason"}}, {"model": "auth.permission", "pk": 29, "fields": {"name": "Can add occurrence", "content_type": 8, "codename": "add_occurrence"}}, {"model": "auth.permission", "pk": 30, "fields": {"name": "Can change occurrence", "content_type": 8, "codename": "change_occurrence"}}, {"model": "auth.permission", "pk": 31, "fields": {"name": "Can delete occurrence", "content_type": 8, "codename": "delete_occurrence"}}, {"model": "auth.permission", "pk": 32, "fields": {"name": "Can view occurrence", "content_type": 8, "codename": "view_occurrence"}}, {"model": "auth.permission", "pk": 33, "fields": {"name": "Can add state", "content_type": 9, "codename": "add_state"}}, {"model": "auth.permission", "pk": 34, "fields": {"name": "Can change state", "content_type": 9, "codename": "change_state"}}, {"model": "auth.permission", "pk": 35, "fields": {"name": "Can delete state", "content_type": 9, "codename": "delete_state"}}, {"model": "auth.permission", "pk": 36, "fields": {"name": "Can view state", "content_type": 9, "codename": "view_state"}}, {"model": "auth.permission", "pk": 37, "fields": {"name": "Can add team", "content_type": 10, "codename": "add_team"}}, {"model": "auth.permission", "pk": 38, "fields": {"name": "Can change team", "content_type": 10, "codename": "change_team"}}, {"model": "auth.permission", "pk": 39, "fields": {"name": "Can delete team", "content_type": 10, "codename": "delete_team"}}, {"model": "auth.permission", "pk": 40, "fields": {"name": "Can view team", "content_type": 10, "codename": "view_team"}}, {"model": "auth.permission", "pk": 41, "fields": {"name": "Can add type of transport", "content_type": 11, "codename": "add_typeoftransport"}}, {"model": "auth.permission", "pk": 42, "fields": {"name": "Can change type of transport", "content_type": 11, "codename": "change_typeoftransport"}}, {"model": "auth.permission", "pk": 43, "fields": {"name": "Can delete type of transport", "content_type": 11, "codename": "delete_typeoftransport"}}, {"model": "auth.permission", "pk": 44, "fields": {"name": "Can view type of transport", "content_type": 11, "codename": "view_typeoftransport"}}, {"model": "auth.permission", "pk": 45, "fields": {"name": "Can add victim", "content_type": 12, "codename": "add_victim"}}, {"model": "auth.permission", "pk": 46, "fields": {"name": "Can change victim", "content_type": 12, "codename": "change_victim"}}, {"model": "auth.permission", "pk": 47, "fields": {"name": "Can delete victim", "content_type": 12, "codename": "delete_victim"}}, {"model": "auth.permission", "pk": 48, "fields": {"name": "Can view victim", "content_type": 12, "codename": "view_victim"}}, {"model": "auth.permission", "pk": 49, "fields": {"name": "Can add procedure circulation", "content_type": 13, "codename": "add_procedurecirculation"}}, {"model": "auth.permission", "pk": 50, "fields": {"name": "Can change procedure circulation", "content_type": 13, "codename": "change_procedurecirculation"}}, {"model": "auth.permission", "pk": 51, "fields": {"name": "Can delete procedure circulation", "content_type": 13, "codename": "delete_procedurecirculation"}}, {"model": "auth.permission", "pk": 52, "fields": {"name": "Can view procedure circulation", "content_type": 13, "codename": "view_procedurecirculation"}}, {"model": "auth.permission", "pk": 53, "fields": {"name": "Can add procedure protocol", "content_type": 14, "codename": "add_procedureprotocol"}}, {"model": "auth.permission", "pk": 54, "fields": {"name": "Can change procedure protocol", "content_type": 14, "codename": "change_procedureprotocol"}}, {"model": "auth.permission", "pk": 55, "fields": {"name": "Can delete procedure protocol", "content_type": 14, "codename": "delete_procedureprotocol"}}, {"model": "auth.permission", "pk": 56, "fields": {"name": "Can view procedure protocol", "content_type": 14, "codename": "view_procedureprotocol"}}, {"model": "auth.permission", "pk": 57, "fields": {"name": "Can add procedure rcp", "content_type": 15, "codename": "add_procedurercp"}}, {"model": "auth.permission", "pk": 58, "fields": {"name": "Can change procedure rcp", "content_type": 15, "codename": "change_procedurercp"}}, {"model": "auth.permission", "pk": 59, "fields": {"name": "Can delete procedure rcp", "content_type": 15, "codename": "delete_procedurercp"}}, {"model": "auth.permission", "pk": 60, "fields": {"name": "Can view procedure rcp", "content_type": 15, "codename": "view_procedurercp"}}, {"model": "auth.permission", "pk": 61, "fields": {"name": "Can add procedure scale", "content_type": 16, "codename": "add_procedurescale"}}, {"model": "auth.permission", "pk": 62, "fields": {"name": "Can change procedure scale", "content_type": 16, "codename": "change_procedurescale"}}, {"model": "auth.permission", "pk": 63, "fields": {"name": "Can delete procedure scale", "content_type": 16, "codename": "delete_procedurescale"}}, {"model": "auth.permission", "pk": 64, "fields": {"name": "Can view procedure scale", "content_type": 16, "codename": "view_procedurescale"}}, {"model": "auth.permission", "pk": 65, "fields": {"name": "Can add procedure ventilation", "content_type": 17, "codename": "add_procedureventilation"}}, {"model": "auth.permission", "pk": 66, "fields": {"name": "Can change procedure ventilation", "content_type": 17, "codename": "change_procedureventilation"}}, {"model": "auth.permission", "pk": 67, "fields": {"name": "Can delete procedure ventilation", "content_type": 17, "codename": "delete_procedureventilation"}}, {"model": "auth.permission", "pk": 68, "fields": {"name": "Can view procedure ventilation", "content_type": 17, "codename": "view_procedureventilation"}}, {"model": "auth.permission", "pk": 69, "fields": {"name": "Can add symptom", "content_type": 18, "codename": "add_symptom"}}, {"model": "auth.permission", "pk": 70, "fields": {"name": "Can change symptom", "content_type": 18, "codename": "change_symptom"}}, {"model": "auth.permission", "pk": 71, "fields": {"name": "Can delete symptom", "content_type": 18, "codename": "delete_symptom"}}, {"model": "auth.permission", "pk": 72, "fields": {"name": "Can view symptom", "content_type": 18, "codename": "view_symptom"}}, {"model": "auth.permission", "pk": 73, "fields": {"name": "Can add team technician", "content_type": 19, "codename": "add_teamtechnician"}}, {"model": "auth.permission", "pk": 74, "fields": {"name": "Can change team technician", "content_type": 19, "codename": "change_teamtechnician"}}, {"model": "auth.permission", "pk": 75, "fields": {"name": "Can delete team technician", "content_type": 19, "codename": "delete_teamtechnician"}}, {"model": "auth.permission", "pk": 76, "fields": {"name": "Can view team technician", "content_type": 19, "codename": "view_teamtechnician"}}, {"model": "auth.permission", "pk": 77, "fields": {"name": "Can add pharmacy", "content_type": 20, "codename": "add_pharmacy"}}, {"model": "auth.permission", "pk": 78, "fields": {"name": "Can change pharmacy", "content_type": 20, "codename": "change_pharmacy"}}, {"model": "auth.permission", "pk": 79, "fields": {"name": "Can delete pharmacy", "content_type": 20, "codename": "delete_pharmacy"}}, {"model": "auth.permission", "pk": 80, "fields": {"name": "Can view pharmacy", "content_type": 20, "codename": "view_pharmacy"}}, {"model": "auth.permission", "pk": 81, "fields": {"name": "Can add occurrence state", "content_type": 21, "codename": "add_occurrencestate"}}, {"model": "auth.permission", "pk": 82, "fields": {"name": "Can change occurrence state", "content_type": 21, "codename": "change_occurrencestate"}}, {"model": "auth.permission", "pk": 83, "fields": {"name": "Can delete occurrence state", "content_type": 21, "codename": "delete_occurrencestate"}}, {"model": "auth.permission", "pk": 84, "fields": {"name": "Can view occurrence state", "content_type": 21, "codename": "view_occurrencestate"}}, {"model": "auth.permission", "pk": 85, "fields": {"name": "Can add evaluation", "content_type": 22, "codename": "add_evaluation"}}, {"model": "auth.permission", "pk": 86, "fields": {"name": "Can change evaluation", "content_type": 22, "codename": "change_evaluation"}}, {"model": "auth.permission", "pk": 87, "fields": {"name": "Can delete evaluation", "content_type": 22, "codename": "delete_evaluation"}}, {"model": "auth.permission", "pk": 88, "fields": {"name": "Can view evaluation", "content_type": 22, "codename": "view_evaluation"}}, {"model": "auth.permission", "pk": 89, "fields": {"name": "Can add Token", "content_type": 23, "codename": "add_token"}}, {"model": "auth.permission", "pk": 90, "fields": {"name": "Can change Token", "content_type": 23, "codename": "change_token"}}, {"model": "auth.permission", "pk": 91, "fields": {"name": "Can delete Token", "content_type": 23, "codename": "delete_token"}}, {"model": "auth.permission", "pk": 92, "fields": {"name": "Can view Token", "content_type": 23, "codename": "view_token"}}, {"model": "auth.permission", "pk": 93, "fields": {"name": "Can add token", "content_type": 24, "codename": "add_tokenproxy"}}, {"model": "auth.permission", "pk": 94, "fields": {"name": "Can change token", "content_type": 24, "codename": "change_tokenproxy"}}, {"model": "auth.permission", "pk": 95, "fields": {"name": "Can delete token", "content_type": 24, "codename": "delete_tokenproxy"}}, {"model": "auth.permission", "pk": 96, "fields": {"name": "Can view token", "content_type": 24, "codename": "view_tokenproxy"}}, {"model": "auth.user", "pk": 1, "fields": {"password": "pbkdf2_sha256$260000$WIwjmEbXwAaGDX4BfH5Mtg$v5s6nJVqG+W3Wn17yIapTFpzKv+ylGfbplKPCtV1bqc=", "last_login": "2021-06-27T20:06:12.229Z", "is_superuser": true, "username": "admin", "first_name": "", "last_name": "", "email": "admin@admin.com", "is_staff": true, "is_active": true, "date_joined": "2021-06-27T20:05:47.744Z", "groups": [], "user_permissions": []}}, {"model": "auth.user", "pk": 2, "fields": {"password": "pbkdf2_sha256$260000$O0kNp2xR2mCyjRsCtt7Zay$gNJxTSYWCCXI9L7TWGEAplSHB9zhZIsYh+Bcz2EllVU=", "last_login": null, "is_superuser": false, "username": "a", "first_name": "a", "last_name": "a", "email": "a@a.com", "is_staff": false, "is_active": true, "date_joined": "2021-06-27T20:06:25Z", "groups": [], "user_permissions": []}}, {"model": "contenttypes.contenttype", "pk": 1, "fields": {"app_label": "admin", "model": "logentry"}}, {"model": "contenttypes.contenttype", "pk": 2, "fields": {"app_label": "auth", "model": "permission"}}, {"model": "contenttypes.contenttype", "pk": 3, "fields": {"app_label": "auth", "model": "group"}}, {"model": "contenttypes.contenttype", "pk": 4, "fields": {"app_label": "auth", "model": "user"}}, {"model": "contenttypes.contenttype", "pk": 5, "fields": {"app_label": "contenttypes", "model": "contenttype"}}, {"model": "contenttypes.contenttype", "pk": 6, "fields": {"app_label": "sessions", "model": "session"}}, {"model": "contenttypes.contenttype", "pk": 7, "fields": {"app_label": "app", "model": "nontransportreason"}}, {"model": "contenttypes.contenttype", "pk": 8, "fields": {"app_label": "app", "model": "occurrence"}}, {"model": "contenttypes.contenttype", "pk": 9, "fields": {"app_label": "app", "model": "state"}}, {"model": "contenttypes.contenttype", "pk": 10, "fields": {"app_label": "app", "model": "team"}}, {"model": "contenttypes.contenttype", "pk": 11, "fields": {"app_label": "app", "model": "typeoftransport"}}, {"model": "contenttypes.contenttype", "pk": 12, "fields": {"app_label": "app", "model": "victim"}}, {"model": "contenttypes.contenttype", "pk": 13, "fields": {"app_label": "app", "model": "procedurecirculation"}}, {"model": "contenttypes.contenttype", "pk": 14, "fields": {"app_label": "app", "model": "procedureprotocol"}}, {"model": "contenttypes.contenttype", "pk": 15, "fields": {"app_label": "app", "model": "procedurercp"}}, {"model": "contenttypes.contenttype", "pk": 16, "fields": {"app_label": "app", "model": "procedurescale"}}, {"model": "contenttypes.contenttype", "pk": 17, "fields": {"app_label": "app", "model": "procedureventilation"}}, {"model": "contenttypes.contenttype", "pk": 18, "fields": {"app_label": "app", "model": "symptom"}}, {"model": "contenttypes.contenttype", "pk": 19, "fields": {"app_label": "app", "model": "teamtechnician"}}, {"model": "contenttypes.contenttype", "pk": 20, "fields": {"app_label": "app", "model": "pharmacy"}}, {"model": "contenttypes.contenttype", "pk": 21, "fields": {"app_label": "app", "model": "occurrencestate"}}, {"model": "contenttypes.contenttype", "pk": 22, "fields": {"app_label": "app", "model": "evaluation"}}, {"model": "contenttypes.contenttype", "pk": 23, "fields": {"app_label": "authtoken", "model": "token"}}, {"model": "contenttypes.contenttype", "pk": 24, "fields": {"app_label": "authtoken", "model": "tokenproxy"}}, {"model": "sessions.session", "pk": "42nr8kivdbj6zsit0oypiy1a6mabi8yn", "fields": {"session_data": ".eJxVjEEOwiAQRe_C2pCWDgO4dO8ZyDADUjVtUtqV8e7apAvd_vfef6lI21rj1vISR1Fn1avT75aIH3nagdxpus2a52ldxqR3RR-06ess-Xk53L-DSq1-68IpIDhXjE99EmCWAANQh7nrLQRGbzr0zJgxOOuskPdQAgAmS2ZQ7w_hozdf:1lxb2i:xXwbW1x0D5LT_3EfSJ97ayYd1pY9XcS_-mYbFbq3Jyk", "expire_date": "2021-07-11T20:06:12.327Z"}}, {"model": "sessions.session", "pk": "mmxzp0esbik1bxk0bwpdmz2mjelqt4xs", "fields": {"session_data": ".eJxVjEEOwiAQRe_C2pCWDgO4dO8ZyDADUjVtUtqV8e7apAvd_vfef6lI21rj1vISR1Fn1avT75aIH3nagdxpus2a52ldxqR3RR-06ess-Xk53L-DSq1-68IpIDhXjE99EmCWAANQh7nrLQRGbzr0zJgxOOuskPdQAgAmS2ZQ7w_hozdf:1lxrHK:YF0FtkdoN64-Hqx7gnA9f5Mdt5jExFAu52cDyiJULkE", "expire_date": "2021-07-12T13:26:22.452Z"}}, {"model": "app.team", "pk": 1, "fields": {}}, {"model": "app.team", "pk": 2, "fields": {}}, {"model": "app.team", "pk": 3, "fields": {}}, {"model": "app.team", "pk": 4, "fields": {}}, {"model": "app.team", "pk": 5, "fields": {}}, {"model": "app.team", "pk": 6, "fields": {}}, {"model": "app.teamtechnician", "pk": 1, "fields": {"team": 1, "technician": 1, "active": false, "team_leader": true}}, {"model": "app.teamtechnician", "pk": 2, "fields": {"team": 1, "technician": 2, "active": false, "team_leader": false}}, {"model": "app.teamtechnician", "pk": 3, "fields": {"team": 2, "technician": 1, "active": true, "team_leader": false}}, {"model": "app.teamtechnician", "pk": 4, "fields": {"team": 2, "technician": 2, "active": true, "team_leader": true}}, {"model": "app.teamtechnician", "pk": 5, "fields": {"team": 3, "technician": 1, "active": false, "team_leader": true}}, {"model": "app.teamtechnician", "pk": 6, "fields": {"team": 3, "technician": 2, "active": false, "team_leader": false}}, {"model": "app.teamtechnician", "pk": 7, "fields": {"team": 4, "technician": 1, "active": false, "team_leader": true}}, {"model": "app.teamtechnician", "pk": 8, "fields": {"team": 4, "technician": 2, "active": false, "team_leader": false}}, {"model": "app.teamtechnician", "pk": 9, "fields": {"team": 5, "technician": 1, "active": false, "team_leader": true}}, {"model": "app.teamtechnician", "pk": 10, "fields": {"team": 5, "technician": 2, "active": false, "team_leader": false}}, {"model": "app.teamtechnician", "pk": 11, "fields": {"team": 6, "technician": 1, "active": false, "team_leader": true}}, {"model": "app.teamtechnician", "pk": 12, "fields": {"team": 6, "technician": 2, "active": false, "team_leader": false}}, {"model": "app.occurrence", "pk": 1, "fields": {"occurrence_number": 1, "entity": "a", "mean_of_assistance": "a", "motive": "a", "number_of_victims": 1, "local": "a", "parish": "a", "municipality": "a", "team": 1}}, {"model": "app.state", "pk": 1, "fields": {"state": "a"}}, {"model": "app.occurrencestate", "pk": 1, "fields": {"occurrence": 1, "state": 1, "longitude": "1.0000000", "latitude": "1.0000000", "date_time": "2021-06-27T23:23:52Z"}}, {"model": "app.occurrencestate", "pk": 2, "fields": {"occurrence": 1, "state": 1, "longitude": "1.0000000", "latitude": "1.0000000", "date_time": "2021-06-27T23:23:52Z"}}, {"model": "app.typeoftransport", "pk": 1, "fields": {"type_of_transport": "a"}}, {"model": "app.nontransportreason", "pk": 1, "fields": {"non_transport_reason": "a"}}, {"model": "app.victim", "pk": 0, "fields": {"name": "a", "birthdate": "2021-06-27", "age": 1, "gender": "a", "identity_number": "a", "address": "a", "circumstances": "a", "disease_history": "a", "allergies": "a", "last_meal": "a", "last_meal_time": "2021-06-27T20:12:30Z", "usual_medication": "a", "risk_situation": "a", "medical_followup": true, "health_unit_origin": "a", "health_unit_destination": "a", "episode_number": 1, "comments": "a", "type_of_emergency": "a", "SIV_SAV": null, "type_of_transport": 1, "non_transport_reason": 1, "occurrence": 1}}, {"model": "app.victim", "pk": 1, "fields": {"name": "a", "birthdate": "2021-06-27", "age": 1, "gender": "a", "identity_number": "a", "address": "a", "circumstances": "a", "disease_history": "a", "allergies": "a", "last_meal": "a", "last_meal_time": "2021-06-27T20:12:30Z", "usual_medication": "a", "risk_situation": "a", "medical_followup": true, "health_unit_origin": "a", "health_unit_destination": "a", "episode_number": 1, "comments": "a", "type_of_emergency": "a", "SIV_SAV": "2021-06-27T20:12:39Z", "type_of_transport": 1, "non_transport_reason": 1, "occurrence": 1}}, {"model": "app.victim", "pk": 2, "fields": {"name": "a", "birthdate": "2021-06-27", "age": 1, "gender": "a", "identity_number": "a", "address": "a", "circumstances": "a", "disease_history": "a", "allergies": "a", "last_meal": "a", "last_meal_time": "2021-06-27T20:12:30Z", "usual_medication": "a", "risk_situation": "a", "medical_followup": true, "health_unit_origin": "a", "health_unit_destination": "a", "episode_number": 1, "comments": "a", "type_of_emergency": "a", "SIV_SAV": null, "type_of_transport": 1, "non_transport_reason": 1, "occurrence": 1}}, {"model": "app.victim", "pk": 3, "fields": {"name": "a", "birthdate": "2021-06-27", "age": 1, "gender": "a", "identity_number": "a", "address": "a", "circumstances": "a", "disease_history": "a", "allergies": "a", "last_meal": "a", "last_meal_time": "2021-06-27T20:12:30Z", "usual_medication": "a", "risk_situation": "a", "medical_followup": true, "health_unit_origin": "a", "health_unit_destination": "a", "episode_number": 1, "comments": "a", "type_of_emergency": "a", "SIV_SAV": null, "type_of_transport": 1, "non_transport_reason": null, "occurrence": 1}}, {"model": "app.pharmacy", "pk": 1, "fields": {"victim": 1, "time": "20:25:23", "pharmacy": "a", "dose": "a", "route": "a", "adverse_effect": "a"}}, {"model": "app.procedurescale", "pk": 1, "fields": {"cincinatti": 1, "PROACS": 1, "RTS": 1, "MGAP": 1, "RACE": 1}}, {"model": "app.procedurecirculation", "pk": 1, "fields": {"temperature_monitoring": true, "compression": true, "tourniquet": true, "pelvic_belt": true, "venous_access": true, "patch": true, "ecg": true}}, {"model": "app.evaluation", "pk": 1, "fields": {"victim": 1, "hours": "2021-06-27T20:11:50Z", "avds": 1, "ventilation": 1, "spo2": 1, "o2": 1, "etco2": 1, "pulse": 1, "ecg": true, "skin": "a", "temperature": "0.1", "systolic_blood_pressure": 1, "diastolic_blood_pressure": 1, "pupils": "a", "pain": 1, "glycemia": 1, "news": 1}}, {"model": "app.evaluation", "pk": 2, "fields": {"victim": 1, "hours": "2021-06-27T20:11:50Z", "avds": 1, "ventilation": 1, "spo2": 1, "o2": 1, "etco2": 1, "pulse": 1, "ecg": true, "skin": "a", "temperature": "0.1", "systolic_blood_pressure": 1, "diastolic_blood_pressure": 1, "pupils": "a", "pain": 1, "glycemia": 1, "news": 1}}, {"model": "app.symptom", "pk": 1, "fields": {"comments": "a", "image_path": "a"}}, {"model": "app.procedurercp", "pk": 1, "fields": {"witnessed": true, "SBV_DAE": "2021-06-27T20:12:51Z", "first_rhythm": "a", "nr_shocks": 1, "recovery": "2021-06-27T20:12:55Z", "downtime": "2021-06-27T20:12:57Z", "mechanical_compressions": 1, "performed": true}}, {"model": "app.procedureventilation", "pk": 1, "fields": {"clearance": true, "oropharyngeal": true, "laryngeal_tube": true, "endotracheal": true, "laryngeal_mask": true, "mechanical_ventilation": true, "cpap": true}}, {"model": "app.procedureprotocol", "pk": 1, "fields": {"immobilization": true, "TEPH": true, "SIV": true, "VV_AVC": true, "VV_coronary": true, "VV_sepsis": true, "VV_trauma": true, "VV_PCR": true}}, {"model": "authtoken.token", "pk": "69e7172f6f161393b28c35be5c6208e8866155b7", "fields": {"user": 1, "created": "2021-06-28T11:24:40.694Z"}}, {"model": "authtoken.token", "pk": "8cbd054a64be8d503796506fcd42997a86920ec1", "fields": {"user": 2, "created": "2021-06-28T11:24:40.798Z"}}]